{
  "adapter_weights": {
    "lora_A": "random_init",
    "lora_B": "random_init",
    "scaling": 2.0
  },
  "config": {
    "rank": 8,
    "alpha": 16
  },
  "metrics": {
    "train_loss": [
      0.42264100910478763,
      0.4177338997943913,
      0.34058244350984584,
      0.21986224976925714,
      0.2582707731840143,
      0.1691216652203313,
      0.1479729477253773
    ],
    "val_loss": [
      0.2478201009637449,
      0.25240936209270315,
      0.08031206975676917,
      0.0,
      0.12620468104635157,
      0.043597980725103264,
      0.0
    ],
    "val_accuracy": [
      0.75,
      0.75,
      0.9166666666666666,
      1.0,
      0.875,
      0.9583333333333334,
      1.0
    ],
    "best_val_acc": 1.0,
    "epochs_trained": 7
  }
}